filename,width,height,class,xmin,ymin,xmax,ymax
0,n04557648_3599,500,281,n04557648,280,280,280,280
1,n04557648_4100,491,500,n04557648,227,227,227,227
2,n04557648_1187,339,500,n04557648,472,472,472,472
3,n04557648_3318,500,378,n04557648,310,310,310,310
4,n04557648_3318,500,378,n04557648,198,198,198,198
5,n04557648_1375,400,500,n04557648,451,451,451,451
6,n04557648_2122,500,375,n04557648,287,287,287,287
7,n04557648_4137,500,375,n04557648,374,374,374,374
8,n04557648_631,500,332,n04557648,330,330,330,330
9,n04557648_9510,375,500,n04557648,431,431,431,431
10,n04557648_8985,500,375,n04557648,374,374,374,374
11,n04557648_21323,375,500,n04557648,310,310,310,310
12,n04557648_5184,333,500,n04557648,461,461,461,461
13,n04557648_10167,500,375,n04557648,374,374,374,374
14,n04557648_4242,375,500,n04557648,492,492,492,492
15,n04557648_9974,500,375,n04557648,335,335,335,335
16,n04557648_2904,500,375,n04557648,319,319,319,319
17,n04557648_2928,500,332,n04557648,225,225,225,225
18,n04557648_425,375,500,n04557648,476,476,476,476
19,n04557648_425,375,500,n04557648,235,235,235,235
20,n04557648_425,375,500,n04557648,147,147,147,147
21,n04557648_3390,500,334,n04557648,333,333,333,333
22,n04557648_3799,375,500,n04557648,497,497,497,497
23,n04557648_665,500,375,n04557648,374,374,374,374
24,n04557648_487,500,375,n04557648,374,374,374,374
25,n04557648_487,500,375,n04557648,369,369,369,369
26,n04557648_9809,500,332,n04557648,291,291,291,291
27,n04557648_993,500,375,n04557648,294,294,294,294
28,n04557648_2525,333,500,n04557648,498,498,498,498
29,n04557648_1502,500,353,n04557648,209,209,209,209
30,n04557648_1133,403,428,n04557648,212,212,212,212
31,n04557648_3143,500,375,n04557648,374,374,374,374
32,n04557648_5477,218,500,n04557648,490,490,490,490
33,n04557648_3334,323,500,n04557648,476,476,476,476
34,n04557648_9143,375,500,n04557648,463,463,463,463
35,n04557648_14451,500,375,n04557648,222,222,222,222
36,n04557648_14451,500,375,n04557648,151,151,151,151
37,n04557648_14451,500,375,n04557648,237,237,237,237
38,n04557648_14451,500,375,n04557648,192,192,192,192
39,n04557648_14451,500,375,n04557648,142,142,142,142
40,n04557648_966,500,333,n04557648,277,277,277,277
41,n04557648_8781,500,281,n04557648,280,280,280,280
42,n04557648_5483,375,500,n04557648,498,498,498,498
43,n04557648_12462,500,375,n04557648,283,283,283,283
44,n04557648_12462,500,375,n04557648,344,344,344,344
45,n04557648_2063,333,500,n04557648,288,288,288,288
46,n04557648_4539,500,335,n04557648,296,296,296,296
47,n04557648_4324,399,500,n04557648,498,498,498,498
48,n04557648_555,500,400,n04557648,143,143,143,143
49,n04557648_9032,500,375,n04557648,278,278,278,278
50,n04557648_11660,500,375,n04557648,374,374,374,374
51,n04557648_2489,375,500,n04557648,426,426,426,426
52,n04557648_20572,500,375,n04557648,315,315,315,315
53,n04557648_4732,375,500,n04557648,393,393,393,393
54,n04557648_5273,500,374,n04557648,218,218,218,218
55,n04557648_2648,500,333,n04557648,236,236,236,236
56,n04557648_349,500,405,n04557648,403,403,403,403
57,n04557648_656,333,500,n04557648,471,471,471,471
58,n04557648_2631,375,500,n04557648,466,466,466,466
59,n04557648_4617,500,375,n04557648,374,374,374,374
60,n04557648_4914,500,375,n04557648,374,374,374,374
61,n04557648_4914,500,375,n04557648,374,374,374,374
62,n04557648_2496,375,500,n04557648,433,433,433,433
63,n04557648_482,357,500,n04557648,400,400,400,400
64,n04557648_10401,500,332,n04557648,224,224,224,224
65,n04557648_7601,375,500,n04557648,386,386,386,386
66,n04557648_1368,375,500,n04557648,326,326,326,326
67,n04557648_413,375,500,n04557648,490,490,490,490
68,n04557648_1634,500,375,n04557648,367,367,367,367
69,n04557648_4883,500,375,n04557648,374,374,374,374
70,n04557648_9084,500,375,n04557648,374,374,374,374
71,n04557648_8735,500,375,n04557648,374,374,374,374
72,n04557648_2962,400,400,n04557648,346,346,346,346
73,n04557648_12244,500,375,n04557648,374,374,374,374
74,n04557648_24390,500,375,n04557648,359,359,359,359
75,n04557648_9467,333,500,n04557648,437,437,437,437
76,n04557648_1823,500,375,n04557648,276,276,276,276
77,n04557648_2305,500,375,n04557648,374,374,374,374
78,n04557648_1248,333,500,n04557648,350,350,350,350
79,n04557648_2817,500,325,n04557648,202,202,202,202
80,n04557648_7130,333,500,n04557648,466,466,466,466
81,n04557648_10081,333,500,n04557648,412,412,412,412
82,n04557648_1997,375,500,n04557648,461,461,461,461
83,n04557648_5127,500,333,n04557648,186,186,186,186
84,n04557648_8574,500,375,n04557648,374,374,374,374
85,n04557648_9279,500,333,n04557648,330,330,330,330
86,n04557648_834,500,375,n04557648,215,215,215,215
87,n04557648_15041,372,500,n04557648,498,498,498,498
88,n04557648_8479,333,500,n04557648,473,473,473,473
89,n04557648_2363,500,375,n04557648,186,186,186,186
90,n04557648_3900,280,500,n04557648,461,461,461,461
91,n04557648_2002,500,348,n04557648,129,129,129,129
92,n04557648_5239,500,375,n04557648,373,373,373,373
93,n04557648_894,295,402,n04557648,379,379,379,379
94,n04557648_2407,375,500,n04557648,498,498,498,498
95,n04557648_10228,334,500,n04557648,358,358,358,358
96,n04557648_10228,334,500,n04557648,498,498,498,498
97,n04557648_9583,333,500,n04557648,498,498,498,498
98,n04557648_10358,375,500,n04557648,435,435,435,435
99,n04557648_9447,500,375,n04557648,242,242,242,242
100,n04557648_2501,334,500,n04557648,458,458,458,458
101,n04557648_4241,375,500,n04557648,465,465,465,465
102,n04557648_731,333,500,n04557648,452,452,452,452
103,n04557648_2855,375,500,n04557648,480,480,480,480
104,n04557648_12008,375,500,n04557648,458,458,458,458
105,n04557648_9939,500,375,n04557648,206,206,206,206
106,n04557648_1856,500,375,n04557648,374,374,374,374
107,n04557648_6934,500,358,n04557648,248,248,248,248
108,n04557648_3230,299,500,n04557648,468,468,468,468
109,n04557648_4084,413,310,n04557648,305,305,305,305
110,n04557648_3667,500,375,n04557648,259,259,259,259
111,n04557648_524,500,375,n04557648,240,240,240,240
112,n04557648_29152,375,500,n04557648,351,351,351,351
113,n04557648_9244,500,354,n04557648,353,353,353,353
114,n04557648_1819,375,500,n04557648,446,446,446,446
115,n04557648_10123,415,500,n04557648,158,158,158,158
116,n04557648_298,500,375,n04557648,374,374,374,374
117,n04557648_2742,419,500,n04557648,498,498,498,498
118,n04557648_3385,500,375,n04557648,245,245,245,245
119,n04557648_3385,500,375,n04557648,286,286,286,286
120,n04557648_9496,375,500,n04557648,473,473,473,473
121,n04557648_9101,500,375,n04557648,339,339,339,339
122,n04557648_9101,500,375,n04557648,267,267,267,267
123,n04557648_2601,500,357,n04557648,246,246,246,246
124,n04557648_4898,500,375,n04557648,358,358,358,358
125,n04557648_1691,500,334,n04557648,333,333,333,333
126,n04557648_688,375,500,n04557648,346,346,346,346
127,n04557648_28876,500,375,n04557648,227,227,227,227
128,n04557648_3885,375,500,n04557648,475,475,475,475
129,n04557648_2819,500,375,n04557648,374,374,374,374
130,n04557648_9587,500,375,n04557648,374,374,374,374
131,n04557648_1959,329,500,n04557648,408,408,408,408
132,n04557648_5341,375,500,n04557648,392,392,392,392
133,n04557648_5502,375,500,n04557648,498,498,498,498
134,n04557648_3450,375,500,n04557648,498,498,498,498
135,n04557648_3127,375,500,n04557648,402,402,402,402
136,n04557648_1792,500,375,n04557648,354,354,354,354
137,n04557648_29471,375,500,n04557648,402,402,402,402
138,n04557648_954,375,500,n04557648,495,495,495,495
139,n04557648_7646,375,500,n04557648,461,461,461,461
140,n04557648_1599,375,500,n04557648,465,465,465,465
141,n04557648_3615,500,337,n04557648,330,330,330,330
142,n04557648_10528,375,500,n04557648,498,498,498,498
143,n04557648_9043,500,296,n04557648,129,129,129,129
144,n04557648_2392,333,500,n04557648,426,426,426,426
145,n04557648_1921,260,500,n04557648,397,397,397,397
146,n04557648_726,200,200,n04557648,148,148,148,148
147,n04557648_3745,500,371,n04557648,369,369,369,369
148,n04557648_4008,500,333,n04557648,218,218,218,218
149,n04557648_3435,333,500,n04557648,498,498,498,498
150,n04557648_591,500,333,n04557648,287,287,287,287
151,n04557648_2511,500,377,n04557648,269,269,269,269
152,n04557648_4356,334,500,n04557648,465,465,465,465
153,n04557648_4356,334,500,n04557648,448,448,448,448
154,n04557648_4356,334,500,n04557648,440,440,440,440
155,n04557648_10199,500,375,n04557648,374,374,374,374
156,n04557648_2351,500,375,n04557648,360,360,360,360
157,n04557648_11027,375,500,n04557648,498,498,498,498
158,n04557648_2902,493,500,n04557648,301,301,301,301
159,n04557648_21449,500,375,n04557648,316,316,316,316
160,n04557648_3452,500,400,n04557648,383,383,383,383
161,n04557648_617,375,500,n04557648,448,448,448,448
162,n04557648_4246,375,500,n04557648,461,461,461,461
163,n04557648_3416,500,334,n04557648,333,333,333,333
164,n04557648_5296,500,332,n04557648,308,308,308,308
165,n04557648_10478,500,375,n04557648,172,172,172,172
166,n04557648_1580,500,333,n04557648,332,332,332,332
167,n04557648_1177,500,188,n04557648,153,153,153,153
168,n04557648_3447,500,333,n04557648,244,244,244,244
169,n04557648_3715,333,500,n04557648,498,498,498,498
170,n04557648_5168,375,500,n04557648,432,432,432,432
171,n04557648_1726,500,375,n04557648,276,276,276,276
172,n04557648_3345,500,343,n04557648,271,271,271,271
173,n04557648_5553,500,333,n04557648,310,310,310,310
174,n04557648_8887,375,500,n04557648,255,255,255,255
175,n04557648_2515,420,500,n04557648,335,335,335,335
176,n04557648_1359,500,375,n04557648,374,374,374,374
177,n04557648_9314,375,500,n04557648,498,498,498,498
178,n04557648_9414,333,500,n04557648,266,266,266,266
179,n04557648_9414,333,500,n04557648,271,271,271,271
180,n04557648_2095,500,334,n04557648,312,312,312,312
181,n04557648_3628,375,500,n04557648,498,498,498,498
182,n04557648_9336,300,300,n04557648,296,296,296,296
183,n04557648_5545,500,375,n04557648,222,222,222,222
184,n04557648_9352,315,500,n04557648,210,210,210,210
185,n04557648_11943,375,500,n04557648,440,440,440,440
186,n04557648_3930,494,500,n04557648,498,498,498,498
187,n04557648_8962,400,500,n04557648,313,313,313,313
188,n04557648_2084,375,500,n04557648,458,458,458,458
189,n04557648_4394,500,338,n04557648,337,337,337,337
190,n04557648_4394,500,338,n04557648,336,336,336,336
191,n04557648_8444,375,500,n04557648,482,482,482,482
192,n04557648_4254,500,334,n04557648,232,232,232,232
193,n04557648_8899,333,500,n04557648,476,476,476,476
194,n04557648_935,500,375,n04557648,292,292,292,292
195,n04557648_935,500,375,n04557648,349,349,349,349
196,n04557648_9368,500,333,n04557648,212,212,212,212
197,n04557648_9697,375,500,n04557648,481,481,481,481
198,n04557648_8969,500,375,n04557648,230,230,230,230
199,n04557648_16542,500,375,n04557648,295,295,295,295
200,n04557648_3798,500,375,n04557648,353,353,353,353
201,n04557648_1428,375,500,n04557648,411,411,411,411
202,n04557648_11293,375,500,n04557648,497,497,497,497
203,n04557648_8507,500,375,n04557648,374,374,374,374
204,n04557648_1837,335,500,n04557648,475,475,475,475
205,n04557648_797,500,375,n04557648,179,179,179,179
206,n04557648_9048,500,333,n04557648,332,332,332,332
207,n04557648_3875,500,375,n04557648,339,339,339,339
208,n04557648_519,250,250,n04557648,184,184,184,184
209,n04557648_10455,333,500,n04557648,440,440,440,440
210,n04557648_9909,500,375,n04557648,374,374,374,374
211,n04557648_9468,179,500,n04557648,390,390,390,390
212,n04557648_9535,375,500,n04557648,473,473,473,473
213,n04557648_3240,184,228,n04557648,227,227,227,227
214,n04557648_9335,375,500,n04557648,490,490,490,490
215,n04557648_9085,375,500,n04557648,492,492,492,492
216,n04557648_9490,500,379,n04557648,336,336,336,336
217,n04557648_5919,500,375,n04557648,300,300,300,300
218,n04557648_6529,375,500,n04557648,470,470,470,470
219,n04557648_1317,500,375,n04557648,372,372,372,372
220,n04557648_8268,280,500,n04557648,490,490,490,490
221,n04557648_510,500,333,n04557648,332,332,332,332
222,n04557648_1847,500,334,n04557648,333,333,333,333
223,n04557648_3259,500,333,n04557648,311,311,311,311
224,n04557648_9022,333,500,n04557648,498,498,498,498
225,n04557648_757,500,307,n04557648,210,210,210,210
226,n04557648_8775,296,500,n04557648,487,487,487,487
227,n04557648_9844,500,333,n04557648,332,332,332,332
228,n04557648_5523,375,500,n04557648,498,498,498,498
229,n04557648_1865,266,500,n04557648,476,476,476,476
230,n04557648_4126,500,375,n04557648,374,374,374,374
231,n04557648_2231,333,500,n04557648,425,425,425,425
232,n04557648_310,364,500,n04557648,366,366,366,366
233,n04557648_2430,500,333,n04557648,222,222,222,222
234,n04557648_4531,500,375,n04557648,323,323,323,323
235,n04557648_4375,333,500,n04557648,441,441,441,441
236,n04557648_11642,500,375,n04557648,266,266,266,266
237,n04557648_10580,500,375,n04557648,290,290,290,290
238,n04557648_5077,333,500,n04557648,468,468,468,468
239,n04557648_2506,500,375,n04557648,328,328,328,328
240,n04557648_2506,500,375,n04557648,319,319,319,319
241,n04557648_2506,500,375,n04557648,341,341,341,341
242,n04557648_5518,500,411,n04557648,409,409,409,409
243,n04557648_14704,500,375,n04557648,364,364,364,364
244,n04557648_3653,334,500,n04557648,485,485,485,485
245,n04557648_1252,333,500,n04557648,435,435,435,435
246,n04557648_10414,461,500,n04557648,46,46,46,46
247,n04557648_3439,500,375,n04557648,374,374,374,374
248,n04557648_8813,367,489,n04557648,431,431,431,431
249,n04557648_8813,367,489,n04557648,399,399,399,399
250,n04557648_2820,500,375,n04557648,374,374,374,374
251,n04557648_9815,500,375,n04557648,374,374,374,374
252,n04557648_4595,500,375,n04557648,245,245,245,245
253,n04557648_5498,375,500,n04557648,476,476,476,476
254,n04557648_3637,500,375,n04557648,236,236,236,236
255,n04557648_8761,333,500,n04557648,498,498,498,498
256,n04557648_10391,500,375,n04557648,296,296,296,296
257,n04557648_3968,375,500,n04557648,355,355,355,355
258,n04557648_1360,414,500,n04557648,327,327,327,327
259,n04557648_1360,414,500,n04557648,495,495,495,495
260,n04557648_1360,414,500,n04557648,263,263,263,263
261,n04557648_1360,414,500,n04557648,303,303,303,303
262,n04557648_1360,414,500,n04557648,498,498,498,498
263,n04557648_4029,500,215,n04557648,179,179,179,179
264,n04557648_16327,500,375,n04557648,341,341,341,341
265,n04557648_16327,500,375,n04557648,311,311,311,311
266,n04557648_8459,375,500,n04557648,498,498,498,498
267,n04557648_1493,500,333,n04557648,332,332,332,332
268,n04557648_9493,500,375,n04557648,374,374,374,374
269,n04557648_3389,500,375,n04557648,373,373,373,373
270,n04557648_8759,500,375,n04557648,303,303,303,303
271,n04557648_4470,500,375,n04557648,374,374,374,374
272,n04557648_4270,500,375,n04557648,358,358,358,358
273,n04557648_2456,333,500,n04557648,488,488,488,488
274,n04557648_10944,315,500,n04557648,130,130,130,130
275,n04557648_9310,500,331,n04557648,330,330,330,330
276,n04557648_777,375,500,n04557648,315,315,315,315
277,n04557648_1339,500,375,n04557648,374,374,374,374
278,n04557648_1791,375,500,n04557648,436,436,436,436
279,n04557648_2273,358,500,n04557648,271,271,271,271
280,n04557648_2681,375,500,n04557648,498,498,498,498
281,n04557648_2282,375,500,n04557648,375,375,375,375
282,n04557648_14901,375,500,n04557648,498,498,498,498
283,n04557648_5104,240,320,n04557648,199,199,199,199
284,n04557648_1730,500,335,n04557648,334,334,334,334
285,n04557648_628,333,500,n04557648,467,467,467,467
286,n04557648_3744,335,500,n04557648,497,497,497,497
287,n04557648_7185,500,375,n04557648,180,180,180,180
288,n04557648_3483,500,362,n04557648,301,301,301,301
289,n04557648_3483,500,362,n04557648,361,361,361,361
290,n04557648_3483,500,362,n04557648,352,352,352,352
291,n04557648_3483,500,362,n04557648,361,361,361,361
292,n04557648_6983,500,375,n04557648,369,369,369,369
293,n04557648_10418,500,333,n04557648,302,302,302,302
294,n04557648_12559,500,374,n04557648,98,98,98,98
295,n04557648_327,500,375,n04557648,183,183,183,183
296,n04557648_3676,333,500,n04557648,498,498,498,498
297,n04557648_11019,500,375,n04557648,317,317,317,317
298,n04557648_999,375,500,n04557648,497,497,497,497
299,n04557648_1352,500,366,n04557648,257,257,257,257
300,n04557648_707,500,375,n04557648,206,206,206,206
301,n04557648_8867,500,375,n04557648,374,374,374,374
302,n04557648_2852,333,500,n04557648,218,218,218,218
303,n04557648_4323,500,333,n04557648,332,332,332,332
304,n04557648_5195,500,375,n04557648,374,374,374,374
305,n04557648_3603,500,335,n04557648,334,334,334,334
306,n04557648_4790,375,500,n04557648,498,498,498,498
307,n04557648_2010,500,375,n04557648,293,293,293,293
308,n04557648_8823,500,334,n04557648,333,333,333,333
309,n04557648_4382,375,500,n04557648,442,442,442,442
310,n04557648_10252,375,500,n04557648,293,293,293,293
311,n04557648_9292,500,375,n04557648,374,374,374,374
312,n04557648_3437,97,130,n04557648,127,127,127,127
313,n04557648_679,375,500,n04557648,472,472,472,472
314,n04557648_10516,500,375,n04557648,374,374,374,374
315,n04557648_1938,500,375,n04557648,374,374,374,374
316,n04557648_3845,500,375,n04557648,373,373,373,373
317,n04557648_10553,500,500,n04557648,496,496,496,496
318,n04557648_9744,500,375,n04557648,302,302,302,302
319,n04557648_4039,375,500,n04557648,497,497,497,497
320,n04557648_4373,214,500,n04557648,491,491,491,491
321,n04557648_446,375,500,n04557648,498,498,498,498
322,n04557648_3530,500,333,n04557648,332,332,332,332
323,n04557648_3282,333,500,n04557648,371,371,371,371
324,n04557648_326,500,333,n04557648,321,321,321,321
325,n04557648_5369,281,500,n04557648,478,478,478,478
326,n04557648_3679,375,500,n04557648,498,498,498,498
327,n04557648_5941,500,375,n04557648,374,374,374,374
328,n04557648_623,500,335,n04557648,307,307,307,307
329,n04557648_9895,273,500,n04557648,486,486,486,486
330,n04557648_4151,500,333,n04557648,332,332,332,332
331,n04557648_4151,500,333,n04557648,332,332,332,332
332,n04557648_3574,375,500,n04557648,485,485,485,485
333,n04557648_499,500,357,n04557648,276,276,276,276
334,n04557648_9217,500,375,n04557648,373,373,373,373
335,n04557648_847,333,500,n04557648,493,493,493,493
336,n04557648_9658,500,488,n04557648,486,486,486,486
337,n04557648_4506,375,500,n04557648,475,475,475,475
338,n04557648_1450,500,394,n04557648,199,199,199,199
339,n04557648_1667,500,375,n04557648,374,374,374,374
340,n04557648_1040,335,500,n04557648,498,498,498,498
341,n04557648_4504,500,334,n04557648,163,163,163,163
342,n04557648_4504,500,334,n04557648,182,182,182,182
343,n04557648_4504,500,334,n04557648,186,186,186,186
344,n04557648_10302,300,500,n04557648,407,407,407,407
345,n04557648_1824,375,500,n04557648,498,498,498,498
346,n04557648_2068,500,375,n04557648,331,331,331,331
347,n04557648_587,500,375,n04557648,141,141,141,141
348,n04557648_8741,500,333,n04557648,332,332,332,332
349,n04557648_9046,375,500,n04557648,411,411,411,411
350,n04557648_8228,500,375,n04557648,312,312,312,312
351,n04557648_8702,375,500,n04557648,481,481,481,481
352,n04557648_1586,500,375,n04557648,362,362,362,362
353,n04557648_31576,500,375,n04557648,107,107,107,107
354,n04557648_2299,500,375,n04557648,230,230,230,230
355,n04557648_11696,500,375,n04557648,374,374,374,374
356,n04557648_11696,500,375,n04557648,374,374,374,374
357,n04557648_11696,500,375,n04557648,374,374,374,374
358,n04557648_11696,500,375,n04557648,373,373,373,373
359,n04557648_11696,500,375,n04557648,374,374,374,374
360,n04557648_11696,500,375,n04557648,373,373,373,373
361,n04557648_11696,500,375,n04557648,373,373,373,373
362,n04557648_11696,500,375,n04557648,374,374,374,374
363,n04557648_4144,357,500,n04557648,478,478,478,478
364,n04557648_12301,500,375,n04557648,317,317,317,317
365,n04557648_5129,375,500,n04557648,308,308,308,308
366,n04557648_4236,500,375,n04557648,300,300,300,300
367,n04557648_4849,336,500,n04557648,478,478,478,478
368,n04557648_3740,375,500,n04557648,498,498,498,498
369,n04557648_2600,500,375,n04557648,284,284,284,284
370,n04557648_5064,375,500,n04557648,498,498,498,498
371,n04557648_5064,375,500,n04557648,498,498,498,498
372,n04557648_5064,375,500,n04557648,426,426,426,426
373,n04557648_5064,375,500,n04557648,493,493,493,493
374,n04557648_5398,375,500,n04557648,410,410,410,410
375,n04557648_9268,500,375,n04557648,301,301,301,301
376,n04557648_9268,500,375,n04557648,306,306,306,306
377,n04557648_9268,500,375,n04557648,319,319,319,319
378,n04557648_9268,500,375,n04557648,335,335,335,335
379,n04557648_3501,500,333,n04557648,295,295,295,295
380,n04557648_3054,375,500,n04557648,498,498,498,498
381,n04557648_8692,500,500,n04557648,497,497,497,497
382,n04557648_3057,333,500,n04557648,211,211,211,211
383,n04557648_3703,333,500,n04557648,412,412,412,412
384,n04557648_981,386,500,n04557648,390,390,390,390
385,n04557648_2714,500,375,n04557648,254,254,254,254
386,n04557648_1434,500,375,n04557648,216,216,216,216
387,n04557648_1014,500,334,n04557648,298,298,298,298
388,n04557648_11924,500,375,n04557648,307,307,307,307
389,n04557648_3316,500,332,n04557648,116,116,116,116
390,n04557648_9000,500,375,n04557648,319,319,319,319
391,n04557648_4875,500,375,n04557648,374,374,374,374
392,n04557648_818,500,500,n04557648,411,411,411,411
393,n04557648_395,333,500,n04557648,428,428,428,428
394,n04557648_2195,500,357,n04557648,305,305,305,305
395,n04557648_8989,360,480,n04557648,472,472,472,472
396,n04557648_3597,375,500,n04557648,498,498,498,498
397,n04557648_3526,328,500,n04557648,498,498,498,498
398,n04557648_1600,333,500,n04557648,498,498,498,498
399,n04557648_1498,325,500,n04557648,413,413,413,413
400,n04557648_5468,500,333,n04557648,332,332,332,332
401,n04557648_5468,500,333,n04557648,332,332,332,332
402,n04557648_1007,332,500,n04557648,497,497,497,497
403,n04557648_7287,375,500,n04557648,492,492,492,492
404,n04557648_9691,500,333,n04557648,332,332,332,332
405,n04557648_19475,375,500,n04557648,445,445,445,445
406,n04557648_2644,375,500,n04557648,407,407,407,407
407,n04557648_2709,300,450,n04557648,444,444,444,444
408,n04557648_1951,400,400,n04557648,330,330,330,330
409,n04557648_8598,330,500,n04557648,481,481,481,481
410,n04557648_2804,500,375,n04557648,374,374,374,374
411,n04557648_1964,500,375,n04557648,153,153,153,153
412,n04557648_19525,500,375,n04557648,290,290,290,290
413,n04557648_19525,500,375,n04557648,291,291,291,291
414,n04557648_19525,500,375,n04557648,285,285,285,285
415,n04557648_19525,500,375,n04557648,293,293,293,293
416,n04557648_19525,500,375,n04557648,261,261,261,261
417,n04557648_19525,500,375,n04557648,230,230,230,230
418,n04557648_19525,500,375,n04557648,240,240,240,240
419,n04557648_19525,500,375,n04557648,236,236,236,236
420,n04557648_19525,500,375,n04557648,228,228,228,228
421,n04557648_4068,333,500,n04557648,483,483,483,483
422,n04557648_24324,375,500,n04557648,327,327,327,327
423,n04557648_4110,375,500,n04557648,475,475,475,475
424,n04557648_3623,500,375,n04557648,374,374,374,374
425,n04557648_9278,500,375,n04557648,373,373,373,373
426,n04557648_517,400,500,n04557648,498,498,498,498
427,n04557648_4059,375,500,n04557648,498,498,498,498
428,n04557648_10262,500,375,n04557648,374,374,374,374
429,n04557648_9983,375,500,n04557648,498,498,498,498
430,n04557648_10215,300,400,n04557648,308,308,308,308
431,n04557648_2866,500,375,n04557648,366,366,366,366
432,n04557648_2622,500,333,n04557648,271,271,271,271
433,n04557648_8392,375,500,n04557648,488,488,488,488
434,n04557648_1898,500,375,n04557648,361,361,361,361
435,n04557648_26717,500,375,n04557648,310,310,310,310
436,n04557648_9345,375,500,n04557648,493,493,493,493
437,n04557648_2543,500,375,n04557648,347,347,347,347
438,n04557648_9458,500,333,n04557648,217,217,217,217
439,n04557648_8700,375,500,n04557648,476,476,476,476
440,n04557648_31873,500,375,n04557648,277,277,277,277
441,n04557648_3320,270,500,n04557648,445,445,445,445
442,n04557648_12452,500,375,n04557648,188,188,188,188
443,n04557648_12452,500,375,n04557648,205,205,205,205
444,n04557648_12452,500,375,n04557648,195,195,195,195
445,n04557648_12452,500,375,n04557648,187,187,187,187
446,n04557648_12452,500,375,n04557648,187,187,187,187
447,n04557648_12452,500,375,n04557648,187,187,187,187
448,n04557648_12452,500,375,n04557648,190,190,190,190
449,n04557648_12452,500,375,n04557648,184,184,184,184
450,n04557648_12452,500,375,n04557648,186,186,186,186
451,n04557648_12452,500,375,n04557648,179,179,179,179
452,n04557648_3981,375,500,n04557648,262,262,262,262
453,n04557648_8320,375,500,n04557648,498,498,498,498
454,n04557648_3305,500,375,n04557648,373,373,373,373
455,n04557648_3588,500,375,n04557648,306,306,306,306
456,n04557648_1320,375,500,n04557648,372,372,372,372
457,n04557648_928,500,372,n04557648,310,310,310,310
458,n04557648_2140,333,500,n04557648,450,450,450,450
459,n04557648_8947,500,333,n04557648,281,281,281,281
460,n04557648_5240,500,375,n04557648,273,273,273,273
461,n04557648_1174,333,500,n04557648,473,473,473,473
462,n04557648_662,500,280,n04557648,232,232,232,232
463,n04557648_3727,375,500,n04557648,461,461,461,461
464,n04557648_957,500,333,n04557648,311,311,311,311
465,n04557648_3245,500,375,n04557648,258,258,258,258
466,n04557648_8874,500,334,n04557648,331,331,331,331
467,n04557648_9531,500,333,n04557648,303,303,303,303
468,n04557648_5094,375,500,n04557648,368,368,368,368
469,n04557648_3989,334,500,n04557648,413,413,413,413
470,n04557648_4298,500,324,n04557648,226,226,226,226
471,n04557648_3388,375,500,n04557648,498,498,498,498
472,n04557648_3268,500,375,n04557648,343,343,343,343
473,n04557648_1607,332,500,n04557648,493,493,493,493
474,n04557648_840,281,500,n04557648,367,367,367,367
475,n04557648_844,375,500,n04557648,400,400,400,400
476,n04557648_9997,375,500,n04557648,490,490,490,490
477,n04557648_9790,269,400,n04557648,387,387,387,387
478,n04557648_2809,500,375,n04557648,372,372,372,372
479,n04557648_2809,500,375,n04557648,374,374,374,374
480,n04557648_2809,500,375,n04557648,369,369,369,369
481,n04557648_4922,375,500,n04557648,498,498,498,498
482,n04557648_10098,500,333,n04557648,332,332,332,332
483,n04557648_2464,360,500,n04557648,451,451,451,451
484,n04557648_10171,500,375,n04557648,154,154,154,154
485,n04557648_5611,375,500,n04557648,410,410,410,410
486,n04557648_2411,500,417,n04557648,372,372,372,372
487,n04557648_4932,293,500,n04557648,442,442,442,442
488,n04557648_3294,500,375,n04557648,353,353,353,353
489,n04557648_2062,302,500,n04557648,413,413,413,413
490,n04557648_9090,500,414,n04557648,344,344,344,344
491,n04557648_9090,500,414,n04557648,341,341,341,341
492,n04557648_10444,500,375,n04557648,313,313,313,313
493,n04557648_3168,375,500,n04557648,297,297,297,297
494,n04557648_6974,333,500,n04557648,498,498,498,498
495,n04557648_764,375,500,n04557648,498,498,498,498
496,n04557648_1928,500,333,n04557648,149,149,149,149
497,n04557648_32506,500,375,n04557648,352,352,352,352
498,n04557648_3364,375,500,n04557648,323,323,323,323
499,n04557648_3150,500,375,n04557648,201,201,201,201
500,n04557648_4513,500,372,n04557648,322,322,322,322
501,n04557648_8519,375,500,n04557648,396,396,396,396
502,n04557648_2744,375,500,n04557648,465,465,465,465
503,n04557648_2744,375,500,n04557648,465,465,465,465
504,n04557648_2744,375,500,n04557648,421,421,421,421
505,n04557648_2744,375,500,n04557648,413,413,413,413
506,n04557648_2164,375,500,n04557648,110,110,110,110
507,n04557648_5176,328,500,n04557648,443,443,443,443
508,n04557648_3066,333,500,n04557648,467,467,467,467
509,n04557648_12255,375,500,n04557648,228,228,228,228
510,n04557648_12255,375,500,n04557648,405,405,405,405
511,n04557648_12255,375,500,n04557648,472,472,472,472
512,n04557648_12255,375,500,n04557648,420,420,420,420
513,n04557648_12255,375,500,n04557648,340,340,340,340
514,n04557648_12255,375,500,n04557648,291,291,291,291
515,n04557648_1333,333,500,n04557648,498,498,498,498
0,n02992529_54696,190,190,n02992529,188,188,188,188
1,n02992529_54696,190,190,n02992529,188,188,188,188
2,n02992529_47945,500,375,n02992529,300,300,300,300
3,n02992529_35289,400,300,n02992529,299,299,299,299
4,n02992529_60564,500,333,n02992529,332,332,332,332
5,n02992529_60564,500,333,n02992529,331,331,331,331
6,n02992529_44739,500,402,n02992529,399,399,399,399
7,n02992529_41416,334,500,n02992529,498,498,498,498
8,n02992529_37925,325,421,n02992529,383,383,383,383
9,n02992529_37925,325,421,n02992529,398,398,398,398
10,n02992529_53147,375,500,n02992529,427,427,427,427
11,n02992529_37374,375,500,n02992529,458,458,458,458
12,n02992529_58199,397,500,n02992529,485,485,485,485
13,n02992529_56516,500,375,n02992529,374,374,374,374
14,n02992529_60033,500,334,n02992529,333,333,333,333
15,n02992529_37101,400,300,n02992529,285,285,285,285
16,n02992529_47315,140,320,n02992529,258,258,258,258
17,n02992529_41769,500,333,n02992529,271,271,271,271
18,n02992529_61267,500,281,n02992529,193,193,193,193
19,n02992529_62349,400,300,n02992529,286,286,286,286
20,n02992529_55003,400,300,n02992529,297,297,297,297
21,n02992529_42532,375,500,n02992529,378,378,378,378
22,n02992529_61442,289,420,n02992529,415,415,415,415
23,n02992529_54674,468,285,n02992529,282,282,282,282
24,n02992529_39085,500,333,n02992529,289,289,289,289
25,n02992529_36767,500,333,n02992529,332,332,332,332
26,n02992529_36767,500,333,n02992529,331,331,331,331
27,n02992529_49787,500,375,n02992529,324,324,324,324
28,n02992529_44688,350,350,n02992529,270,270,270,270
29,n02992529_60845,500,365,n02992529,342,342,342,342
30,n02992529_38020,500,333,n02992529,246,246,246,246
31,n02992529_48515,375,500,n02992529,458,458,458,458
32,n02992529_35337,400,300,n02992529,243,243,243,243
33,n02992529_41185,500,499,n02992529,497,497,497,497
34,n02992529_38857,500,333,n02992529,202,202,202,202
35,n02992529_61254,500,375,n02992529,322,322,322,322
36,n02992529_38747,240,520,n02992529,509,509,509,509
37,n02992529_52695,500,375,n02992529,363,363,363,363
38,n02992529_43044,383,500,n02992529,473,473,473,473
39,n02992529_59933,500,470,n02992529,272,272,272,272
40,n02992529_36205,300,400,n02992529,377,377,377,377
41,n02992529_36205,300,400,n02992529,388,388,388,388
42,n02992529_38525,500,375,n02992529,374,374,374,374
43,n02992529_58654,400,300,n02992529,239,239,239,239
44,n02992529_54009,375,356,n02992529,210,210,210,210
45,n02992529_42945,500,500,n02992529,398,398,398,398
46,n02992529_42945,500,500,n02992529,483,483,483,483
47,n02992529_45142,299,450,n02992529,301,301,301,301
48,n02992529_47413,375,500,n02992529,281,281,281,281
49,n02992529_45270,500,375,n02992529,374,374,374,374
50,n02992529_35786,500,333,n02992529,209,209,209,209
51,n02992529_60177,300,409,n02992529,398,398,398,398
52,n02992529_36219,500,375,n02992529,374,374,374,374
53,n02992529_37349,500,375,n02992529,169,169,169,169
54,n02992529_47483,500,375,n02992529,347,347,347,347
55,n02992529_37158,500,373,n02992529,351,351,351,351
56,n02992529_47844,500,333,n02992529,275,275,275,275
57,n02992529_60113,500,375,n02992529,356,356,356,356
58,n02992529_35127,400,300,n02992529,258,258,258,258
59,n02992529_34641,500,375,n02992529,373,373,373,373
60,n02992529_59581,500,375,n02992529,374,374,374,374
61,n02992529_60136,500,375,n02992529,374,374,374,374
62,n02992529_30150,500,444,n02992529,381,381,381,381
63,n02992529_31417,300,400,n02992529,342,342,342,342
64,n02992529_41016,290,500,n02992529,481,481,481,481
65,n02992529_30316,500,332,n02992529,325,325,325,325
66,n02992529_44893,500,375,n02992529,366,366,366,366
67,n02992529_53023,373,373,n02992529,359,359,359,359
68,n02992529_58181,375,500,n02992529,498,498,498,498
69,n02992529_42018,496,480,n02992529,322,322,322,322
70,n02992529_39925,500,333,n02992529,155,155,155,155
71,n02992529_32663,500,335,n02992529,177,177,177,177
72,n02992529_49257,500,379,n02992529,302,302,302,302
73,n02992529_49257,500,379,n02992529,301,301,301,301
74,n02992529_49257,500,379,n02992529,302,302,302,302
75,n02992529_49257,500,379,n02992529,296,296,296,296
76,n02992529_44016,500,375,n02992529,219,219,219,219
77,n02992529_33404,375,500,n02992529,496,496,496,496
78,n02992529_40594,333,500,n02992529,367,367,367,367
79,n02992529_34511,400,300,n02992529,293,293,293,293
80,n02992529_49486,154,316,n02992529,238,238,238,238
81,n02992529_57172,500,352,n02992529,171,171,171,171
82,n02992529_37635,500,364,n02992529,191,191,191,191
83,n02992529_53486,400,300,n02992529,228,228,228,228
84,n02992529_39501,356,223,n02992529,208,208,208,208
85,n02992529_48061,500,375,n02992529,235,235,235,235
86,n02992529_60392,500,344,n02992529,154,154,154,154
87,n02992529_53514,400,300,n02992529,271,271,271,271
88,n02992529_51590,500,375,n02992529,301,301,301,301
89,n02992529_35012,342,400,n02992529,373,373,373,373
90,n02992529_40085,406,500,n02992529,487,487,487,487
91,n02992529_55913,500,334,n02992529,95,95,95,95
92,n02992529_61039,301,400,n02992529,397,397,397,397
93,n02992529_37092,333,500,n02992529,211,211,211,211
94,n02992529_30935,500,343,n02992529,276,276,276,276
95,n02992529_57931,375,500,n02992529,482,482,482,482
96,n02992529_38927,500,375,n02992529,304,304,304,304
97,n02992529_36344,500,334,n02992529,307,307,307,307
98,n02992529_43283,500,375,n02992529,270,270,270,270
99,n02992529_37018,500,333,n02992529,332,332,332,332
100,n02992529_58531,325,382,n02992529,377,377,377,377
101,n02992529_58531,325,382,n02992529,381,381,381,381
102,n02992529_58531,325,382,n02992529,378,378,378,378
103,n02992529_54378,333,500,n02992529,318,318,318,318
104,n02992529_58237,190,190,n02992529,186,186,186,186
105,n02992529_57559,375,500,n02992529,453,453,453,453
106,n02992529_44709,400,300,n02992529,299,299,299,299
107,n02992529_35446,500,375,n02992529,216,216,216,216
108,n02992529_41192,375,500,n02992529,498,498,498,498
109,n02992529_34293,400,299,n02992529,258,258,258,258
110,n02992529_57328,500,375,n02992529,366,366,366,366
111,n02992529_34976,400,299,n02992529,295,295,295,295
112,n02992529_45049,500,375,n02992529,374,374,374,374
113,n02992529_43131,333,500,n02992529,472,472,472,472
114,n02992529_38819,500,334,n02992529,287,287,287,287
115,n02992529_30427,400,299,n02992529,276,276,276,276
116,n02992529_58243,400,300,n02992529,266,266,266,266
117,n02992529_60419,500,375,n02992529,374,374,374,374
118,n02992529_60072,500,236,n02992529,206,206,206,206
119,n02992529_60072,500,236,n02992529,195,195,195,195
120,n02992529_60072,500,236,n02992529,207,207,207,207
121,n02992529_60072,500,236,n02992529,202,202,202,202
122,n02992529_60072,500,236,n02992529,203,203,203,203
123,n02992529_43054,500,281,n02992529,280,280,280,280
124,n02992529_36871,500,375,n02992529,138,138,138,138
125,n02992529_38172,500,375,n02992529,374,374,374,374
126,n02992529_37135,500,375,n02992529,374,374,374,374
127,n02992529_52151,425,305,n02992529,298,298,298,298
128,n02992529_40703,300,400,n02992529,399,399,399,399
129,n02992529_41206,500,335,n02992529,247,247,247,247
130,n02992529_34287,400,299,n02992529,291,291,291,291
131,n02992529_48049,301,500,n02992529,318,318,318,318
132,n02992529_48079,500,380,n02992529,347,347,347,347
133,n02992529_59608,500,375,n02992529,263,263,263,263
134,n02992529_36262,200,226,n02992529,225,225,225,225
135,n02992529_37822,500,375,n02992529,374,374,374,374
136,n02992529_53293,333,500,n02992529,453,453,453,453
137,n02992529_51286,500,342,n02992529,312,312,312,312
138,n02992529_44136,500,333,n02992529,244,244,244,244
139,n02992529_58269,347,500,n02992529,106,106,106,106
140,n02992529_58269,347,500,n02992529,232,232,232,232
141,n02992529_54425,500,375,n02992529,372,372,372,372
142,n02992529_40578,500,375,n02992529,374,374,374,374
143,n02992529_52119,500,315,n02992529,245,245,245,245
144,n02992529_33962,500,375,n02992529,307,307,307,307
145,n02992529_58125,500,375,n02992529,374,374,374,374
146,n02992529_35385,500,375,n02992529,372,372,372,372
147,n02992529_36892,500,333,n02992529,214,214,214,214
148,n02992529_60121,350,350,n02992529,239,239,239,239
149,n02992529_56568,333,500,n02992529,368,368,368,368
150,n02992529_54577,383,500,n02992529,417,417,417,417
151,n02992529_35909,400,300,n02992529,299,299,299,299
152,n02992529_34848,500,375,n02992529,270,270,270,270
153,n02992529_46048,400,299,n02992529,265,265,265,265
154,n02992529_34121,500,375,n02992529,159,159,159,159
155,n02992529_46670,500,375,n02992529,265,265,265,265
156,n02992529_59078,400,300,n02992529,292,292,292,292
157,n02992529_59343,300,400,n02992529,399,399,399,399
158,n02992529_37565,500,334,n02992529,315,315,315,315
159,n02992529_45712,222,400,n02992529,399,399,399,399
160,n02992529_38247,375,500,n02992529,458,458,458,458
161,n02992529_41902,208,500,n02992529,495,495,495,495
162,n02992529_46949,244,185,n02992529,184,184,184,184
163,n02992529_56072,400,227,n02992529,207,207,207,207
164,n02992529_54159,400,300,n02992529,299,299,299,299
165,n02992529_60654,500,334,n02992529,229,229,229,229
166,n02992529_53067,365,500,n02992529,431,431,431,431
167,n02992529_57959,500,375,n02992529,361,361,361,361
168,n02992529_54959,375,500,n02992529,396,396,396,396
169,n02992529_57212,500,333,n02992529,309,309,309,309
170,n02992529_35730,500,375,n02992529,373,373,373,373
171,n02992529_50093,500,375,n02992529,370,370,370,370
172,n02992529_35913,500,334,n02992529,332,332,332,332
173,n02992529_41114,400,300,n02992529,292,292,292,292
174,n02992529_57360,450,299,n02992529,293,293,293,293
175,n02992529_36513,415,325,n02992529,322,322,322,322
176,n02992529_32656,364,500,n02992529,270,270,270,270
177,n02992529_57765,500,375,n02992529,374,374,374,374
178,n02992529_37308,400,500,n02992529,311,311,311,311
179,n02992529_33842,400,300,n02992529,226,226,226,226
180,n02992529_56136,400,300,n02992529,286,286,286,286
181,n02992529_57970,335,500,n02992529,467,467,467,467
182,n02992529_40353,335,500,n02992529,387,387,387,387
183,n02992529_30566,500,375,n02992529,373,373,373,373
184,n02992529_53771,400,300,n02992529,289,289,289,289
185,n02992529_56107,500,375,n02992529,275,275,275,275
186,n02992529_33064,500,278,n02992529,215,215,215,215
187,n02992529_36071,500,333,n02992529,332,332,332,332
188,n02992529_58180,246,500,n02992529,496,496,496,496
189,n02992529_49967,500,375,n02992529,330,330,330,330
190,n02992529_36566,500,375,n02992529,333,333,333,333
191,n02992529_37577,404,500,n02992529,498,498,498,498
192,n02992529_43158,375,500,n02992529,471,471,471,471
193,n02992529_53092,500,375,n02992529,214,214,214,214
194,n02992529_53092,500,375,n02992529,344,344,344,344
195,n02992529_53092,500,375,n02992529,276,276,276,276
196,n02992529_53092,500,375,n02992529,262,262,262,262
197,n02992529_44809,400,300,n02992529,298,298,298,298
198,n02992529_57585,500,375,n02992529,304,304,304,304
199,n02992529_37851,400,300,n02992529,285,285,285,285
200,n02992529_39019,500,379,n02992529,373,373,373,373
0,n00007846_164507,333,500,n00007846,497,497,497,497
1,n00007846_154551,333,500,n00007846,497,497,497,497
2,n00007846_20132,332,500,n00007846,498,498,498,498
3,n00007846_111865,500,375,n00007846,371,371,371,371
4,n00007846_26886,500,335,n00007846,332,332,332,332
5,n00007846_128151,500,283,n00007846,280,280,280,280
6,n00007846_30911,333,500,n00007846,498,498,498,498
7,n00007846_166458,500,334,n00007846,333,333,333,333
8,n00007846_169781,500,333,n00007846,320,320,320,320
9,n00007846_128922,333,500,n00007846,450,450,450,450
10,n00007846_126332,500,334,n00007846,333,333,333,333
11,n00007846_24599,500,333,n00007846,332,332,332,332
12,n00007846_85806,331,500,n00007846,498,498,498,498
13,n00007846_106069,390,500,n00007846,496,496,496,496
14,n00007846_13448,500,333,n00007846,332,332,332,332
15,n00007846_32404,377,500,n00007846,498,498,498,498
16,n00007846_167897,500,333,n00007846,332,332,332,332
17,n00007846_24603,400,500,n00007846,498,498,498,498
18,n00007846_123555,332,500,n00007846,491,491,491,491
19,n00007846_147440,332,500,n00007846,498,498,498,498
20,n00007846_41307,400,500,n00007846,498,498,498,498
21,n00007846_30503,500,333,n00007846,332,332,332,332
22,n00007846_162149,500,333,n00007846,282,282,282,282
23,n00007846_168536,500,333,n00007846,332,332,332,332
24,n00007846_74119,361,500,n00007846,498,498,498,498
25,n00007846_154992,500,333,n00007846,303,303,303,303
26,n00007846_18059,289,500,n00007846,498,498,498,498
27,n00007846_50296,500,334,n00007846,333,333,333,333
28,n00007846_26353,383,500,n00007846,497,497,497,497
29,n00007846_127577,333,500,n00007846,498,498,498,498
30,n00007846_105689,332,500,n00007846,473,473,473,473
31,n00007846_25091,318,500,n00007846,498,498,498,498
32,n00007846_130014,400,500,n00007846,498,498,498,498
33,n00007846_131847,500,326,n00007846,286,286,286,286
34,n00007846_156515,500,333,n00007846,332,332,332,332
35,n00007846_149204,500,333,n00007846,332,332,332,332
36,n00007846_55708,333,500,n00007846,498,498,498,498
37,n00007846_29477,500,348,n00007846,347,347,347,347
38,n00007846_146612,334,500,n00007846,438,438,438,438
39,n00007846_34484,333,500,n00007846,498,498,498,498
40,n00007846_150918,333,500,n00007846,498,498,498,498
41,n00007846_76349,500,375,n00007846,374,374,374,374
42,n00007846_115252,500,448,n00007846,446,446,446,446
43,n00007846_95943,335,500,n00007846,490,490,490,490
44,n00007846_30171,480,270,n00007846,268,268,268,268
45,n00007846_152878,333,500,n00007846,452,452,452,452
46,n00007846_54800,375,500,n00007846,498,498,498,498
47,n00007846_124461,389,500,n00007846,497,497,497,497
48,n00007846_25566,500,370,n00007846,369,369,369,369
49,n00007846_114027,500,354,n00007846,330,330,330,330
50,n00007846_70232,322,500,n00007846,498,498,498,498
51,n00007846_146417,428,500,n00007846,498,498,498,498
52,n00007846_126025,375,500,n00007846,498,498,498,498
53,n00007846_18823,500,329,n00007846,327,327,327,327
54,n00007846_48383,366,500,n00007846,498,498,498,498
55,n00007846_44672,332,500,n00007846,498,498,498,498
56,n00007846_129459,333,500,n00007846,498,498,498,498
57,n00007846_29799,500,332,n00007846,310,310,310,310
58,n00007846_173240,500,371,n00007846,370,370,370,370
59,n00007846_32419,500,332,n00007846,308,308,308,308
60,n00007846_167652,319,500,n00007846,487,487,487,487
61,n00007846_149858,375,500,n00007846,466,466,466,466
62,n00007846_158081,333,500,n00007846,498,498,498,498
63,n00007846_160733,500,316,n00007846,314,314,314,314
64,n00007846_112420,376,500,n00007846,452,452,452,452
65,n00007846_29783,333,500,n00007846,498,498,498,498
66,n00007846_23985,500,334,n00007846,91,91,91,91
67,n00007846_129959,283,424,n00007846,422,422,422,422
68,n00007846_48114,500,486,n00007846,461,461,461,461
69,n00007846_35737,500,333,n00007846,290,290,290,290
70,n00007846_26073,500,333,n00007846,332,332,332,332
71,n00007846_124655,500,500,n00007846,498,498,498,498
72,n00007846_74472,499,500,n00007846,493,493,493,493
73,n00007846_40029,500,333,n00007846,332,332,332,332
74,n00007846_142513,334,500,n00007846,192,192,192,192
75,n00007846_156635,500,500,n00007846,498,498,498,498
76,n00007846_122733,500,341,n00007846,328,328,328,328
77,n00007846_32238,500,306,n00007846,295,295,295,295
78,n00007846_168294,251,500,n00007846,498,498,498,498
79,n00007846_55007,500,332,n00007846,331,331,331,331
80,n00007846_42286,500,364,n00007846,361,361,361,361
81,n00007846_49666,340,352,n00007846,351,351,351,351
82,n00007846_172996,268,500,n00007846,498,498,498,498
83,n00007846_164817,332,500,n00007846,498,498,498,498
84,n00007846_153479,500,333,n00007846,224,224,224,224
85,n00007846_129555,500,468,n00007846,466,466,466,466
86,n00007846_157460,500,332,n00007846,331,331,331,331
87,n00007846_126658,500,333,n00007846,326,326,326,326
88,n00007846_153729,400,500,n00007846,498,498,498,498
89,n00007846_40840,500,375,n00007846,374,374,374,374
90,n00007846_152500,500,333,n00007846,332,332,332,332
91,n00007846_86251,375,500,n00007846,463,463,463,463
92,n00007846_76335,394,500,n00007846,498,498,498,498
93,n00007846_157282,500,375,n00007846,321,321,321,321
94,n00007846_127234,332,500,n00007846,498,498,498,498
95,n00007846_145100,500,333,n00007846,332,332,332,332
96,n00007846_158079,500,334,n00007846,332,332,332,332
97,n00007846_147339,500,332,n00007846,285,285,285,285
98,n00007846_150215,500,357,n00007846,356,356,356,356
99,n00007846_24344,500,333,n00007846,332,332,332,332
100,n00007846_155351,500,333,n00007846,332,332,332,332
101,n00007846_28131,375,500,n00007846,498,498,498,498
102,n00007846_116320,333,500,n00007846,497,497,497,497
103,n00007846_97120,333,500,n00007846,498,498,498,498
104,n00007846_128021,336,500,n00007846,498,498,498,498
105,n00007846_47206,333,500,n00007846,498,498,498,498
106,n00007846_27608,330,500,n00007846,495,495,495,495
107,n00007846_173423,467,500,n00007846,498,498,498,498
108,n00007846_81524,375,500,n00007846,487,487,487,487
109,n00007846_154127,500,338,n00007846,337,337,337,337
110,n00007846_30558,333,500,n00007846,498,498,498,498
111,n00007846_162303,287,500,n00007846,401,401,401,401
112,n00007846_52145,500,333,n00007846,332,332,332,332
113,n00007846_153249,333,500,n00007846,498,498,498,498
114,n00007846_73484,464,500,n00007846,498,498,498,498
115,n00007846_128981,333,500,n00007846,498,498,498,498
116,n00007846_33263,500,336,n00007846,335,335,335,335
117,n00007846_161636,500,333,n00007846,332,332,332,332
118,n00007846_151781,363,500,n00007846,491,491,491,491
119,n00007846_120456,500,500,n00007846,498,498,498,498
120,n00007846_25741,375,500,n00007846,270,270,270,270
121,n00007846_38481,333,500,n00007846,498,498,498,498
122,n00007846_26513,500,375,n00007846,310,310,310,310
123,n00007846_126913,332,500,n00007846,498,498,498,498
124,n00007846_38367,500,375,n00007846,338,338,338,338
125,n00007846_86464,500,427,n00007846,425,425,425,425
126,n00007846_13534,500,333,n00007846,332,332,332,332
127,n00007846_133751,333,500,n00007846,420,420,420,420
128,n00007846_137203,500,333,n00007846,332,332,332,332
129,n00007846_164290,377,500,n00007846,498,498,498,498
130,n00007846_33716,500,325,n00007846,324,324,324,324
131,n00007846_107024,500,333,n00007846,331,331,331,331
132,n00007846_51562,358,500,n00007846,498,498,498,498
133,n00007846_21529,340,500,n00007846,491,491,491,491
134,n00007846_62114,500,333,n00007846,332,332,332,332
135,n00007846_91402,333,500,n00007846,498,498,498,498
136,n00007846_75269,500,500,n00007846,498,498,498,498
137,n00007846_49626,500,375,n00007846,178,178,178,178
138,n00007846_148738,333,500,n00007846,498,498,498,498
139,n00007846_115843,500,351,n00007846,349,349,349,349
140,n00007846_112441,332,500,n00007846,498,498,498,498
141,n00007846_51155,344,500,n00007846,498,498,498,498
142,n00007846_135201,332,500,n00007846,498,498,498,498
143,n00007846_118989,500,430,n00007846,428,428,428,428
144,n00007846_159890,333,500,n00007846,498,498,498,498
145,n00007846_156909,500,315,n00007846,248,248,248,248
146,n00007846_159724,500,332,n00007846,331,331,331,331
147,n00007846_129908,480,319,n00007846,318,318,318,318
148,n00007846_59964,333,500,n00007846,498,498,498,498
149,n00007846_64104,500,333,n00007846,332,332,332,332
150,n00007846_51693,500,375,n00007846,373,373,373,373
151,n00007846_144368,333,500,n00007846,378,378,378,378
152,n00007846_45748,358,500,n00007846,498,498,498,498
153,n00007846_157217,333,500,n00007846,448,448,448,448
154,n00007846_122290,375,500,n00007846,498,498,498,498
155,n00007846_72837,333,500,n00007846,498,498,498,498
156,n00007846_156556,500,333,n00007846,332,332,332,332
157,n00007846_169948,500,435,n00007846,433,433,433,433
158,n00007846_114285,400,500,n00007846,496,496,496,496
159,n00007846_70371,500,334,n00007846,333,333,333,333
160,n00007846_20455,334,500,n00007846,316,316,316,316
161,n00007846_113796,333,500,n00007846,370,370,370,370
162,n00007846_13881,500,266,n00007846,265,265,265,265
163,n00007846_129860,374,500,n00007846,498,498,498,498
164,n00007846_97616,375,500,n00007846,498,498,498,498
165,n00007846_122364,500,333,n00007846,332,332,332,332
166,n00007846_29708,500,500,n00007846,351,351,351,351
167,n00007846_25930,500,333,n00007846,332,332,332,332
168,n00007846_136568,500,333,n00007846,332,332,332,332
169,n00007846_109796,500,333,n00007846,330,330,330,330
170,n00007846_68647,400,500,n00007846,498,498,498,498
171,n00007846_121993,500,416,n00007846,414,414,414,414
172,n00007846_83980,375,500,n00007846,498,498,498,498
173,n00007846_14583,500,333,n00007846,332,332,332,332
174,n00007846_156621,500,352,n00007846,351,351,351,351
175,n00007846_132010,333,500,n00007846,497,497,497,497
176,n00007846_31002,500,348,n00007846,284,284,284,284
177,n00007846_118082,333,500,n00007846,498,498,498,498
178,n00007846_37573,500,333,n00007846,332,332,332,332
179,n00007846_27074,333,500,n00007846,496,496,496,496
180,n00007846_64119,375,500,n00007846,498,498,498,498
181,n00007846_131709,500,333,n00007846,331,331,331,331
182,n00007846_155108,500,333,n00007846,332,332,332,332
183,n00007846_50172,500,333,n00007846,331,331,331,331
184,n00007846_153151,357,500,n00007846,470,470,470,470
185,n00007846_13760,333,500,n00007846,497,497,497,497
186,n00007846_142812,431,500,n00007846,498,498,498,498
187,n00007846_168938,500,333,n00007846,332,332,332,332
188,n00007846_104414,332,500,n00007846,498,498,498,498
189,n00007846_24591,500,334,n00007846,332,332,332,332
190,n00007846_86559,334,500,n00007846,498,498,498,498
191,n00007846_114327,376,500,n00007846,498,498,498,498
192,n00007846_140627,500,475,n00007846,473,473,473,473
193,n00007846_146155,500,303,n00007846,274,274,274,274
194,n00007846_47595,332,500,n00007846,498,498,498,498
195,n00007846_33974,333,500,n00007846,498,498,498,498
196,n00007846_6247,500,333,n00007846,247,247,247,247
197,n00007846_145921,500,498,n00007846,496,496,496,496
198,n00007846_22171,500,481,n00007846,479,479,479,479
199,n00007846_24958,500,407,n00007846,387,387,387,387
200,n00007846_25275,375,500,n00007846,498,498,498,498
201,n00007846_148080,500,333,n00007846,332,332,332,332
202,n00007846_26352,333,500,n00007846,498,498,498,498
203,n00007846_173447,500,341,n00007846,330,330,330,330
204,n00007846_33530,500,465,n00007846,463,463,463,463
205,n00007846_142773,500,416,n00007846,396,396,396,396
206,n00007846_104163,375,500,n00007846,498,498,498,498
207,n00007846_34505,500,375,n00007846,98,98,98,98
208,n00007846_159228,500,430,n00007846,428,428,428,428
209,n00007846_116792,400,500,n00007846,498,498,498,498
210,n00007846_51747,375,500,n00007846,363,363,363,363
211,n00007846_13214,245,253,n00007846,252,252,252,252
212,n00007846_163268,375,500,n00007846,482,482,482,482
213,n00007846_123688,500,333,n00007846,332,332,332,332
214,n00007846_141103,500,376,n00007846,360,360,360,360
215,n00007846_137090,500,333,n00007846,332,332,332,332
216,n00007846_168599,369,500,n00007846,498,498,498,498
217,n00007846_115962,338,450,n00007846,418,418,418,418
218,n00007846_29582,500,498,n00007846,496,496,496,496
219,n00007846_172160,334,500,n00007846,497,497,497,497
220,n00007846_49063,500,335,n00007846,237,237,237,237
221,n00007846_146198,500,333,n00007846,325,325,325,325
222,n00007846_162089,320,500,n00007846,498,498,498,498
223,n00007846_30849,500,410,n00007846,208,208,208,208
224,n00007846_132217,335,500,n00007846,498,498,498,498
225,n00007846_112303,500,333,n00007846,283,283,283,283
226,n00007846_44984,500,375,n00007846,300,300,300,300
227,n00007846_69479,500,375,n00007846,374,374,374,374
228,n00007846_143365,500,460,n00007846,458,458,458,458
229,n00007846_28219,500,349,n00007846,279,279,279,279
230,n00007846_113696,500,346,n00007846,258,258,258,258
231,n00007846_124323,281,500,n00007846,498,498,498,498
232,n00007846_50332,332,500,n00007846,498,498,498,498
233,n00007846_20401,500,357,n00007846,356,356,356,356
234,n00007846_115177,400,500,n00007846,498,498,498,498
235,n00007846_110945,500,333,n00007846,332,332,332,332
236,n00007846_81930,500,375,n00007846,372,372,372,372
237,n00007846_168436,500,333,n00007846,332,332,332,332
238,n00007846_78270,500,332,n00007846,331,331,331,331
239,n00007846_32144,500,400,n00007846,378,378,378,378
240,n00007846_64193,334,500,n00007846,497,497,497,497
241,n00007846_157083,375,500,n00007846,498,498,498,498
242,n00007846_71814,332,500,n00007846,498,498,498,498
243,n00007846_25788,500,377,n00007846,376,376,376,376
244,n00007846_84241,332,500,n00007846,467,467,467,467
245,n00007846_154716,500,334,n00007846,333,333,333,333
246,n00007846_128970,375,500,n00007846,498,498,498,498
247,n00007846_14602,215,214,n00007846,213,213,213,213
248,n00007846_103856,500,333,n00007846,332,332,332,332
249,n00007846_114475,500,334,n00007846,333,333,333,333
250,n00007846_123643,500,375,n00007846,364,364,364,364
251,n00007846_115428,500,375,n00007846,374,374,374,374
252,n00007846_162759,297,500,n00007846,496,496,496,496
253,n00007846_21106,389,500,n00007846,498,498,498,498
254,n00007846_148868,386,500,n00007846,432,432,432,432
255,n00007846_147063,355,500,n00007846,498,498,498,498
256,n00007846_116564,333,500,n00007846,498,498,498,498
257,n00007846_49825,500,333,n00007846,332,332,332,332
258,n00007846_35450,337,500,n00007846,495,495,495,495
259,n00007846_124773,333,500,n00007846,478,478,478,478
260,n00007846_109518,334,500,n00007846,498,498,498,498
261,n00007846_162187,500,500,n00007846,498,498,498,498
262,n00007846_86299,400,500,n00007846,498,498,498,498
263,n00007846_54771,500,350,n00007846,349,349,349,349
264,n00007846_143120,500,500,n00007846,498,498,498,498
